date,dpi,band_number,bird_ID,ELISA Run Date,Avg OD,CV,MG+/- (OD>0.0621),ELISA notes,,,,,,,,,,,,,,
20211012,-7,2274,-7_2274,6.30.22,0.048,1.330,-,,,,,,,,,,,,,,,
20211102,14,2274,14_2274,7.11.22,0.089,3.040,+,,,,,,,,,,,,,,,
20211129,41,2274,41_2274,9.9.22,0.044,3.023,-,,,,,,,,,,,,, , , 
20211214,56,2274,56_2274,8.2.23,0.048,0.733,-,,,,,,,,,,,,, , , 
20211011,-8,2275,-8_2275,6.23.22,0.048,4.466,-,,,,,,,,,,,,,,,
20211103,15,2275,15_2275,7.12.22,0.044,2.110,-,,,,,,,,,,,,,,,
20211129,41,2275,41_2275,9.9.22,0.044,1.294,-,,,,,,,,,,,,, , , 
20211214,56,2275,56_2275,10.27.23,0.042,1.200,-,,,,,,,,,,,,,,, 
20211012,-7,2280,-7_2280,6.30.22,0.044,0.640,-,,,,,,,,,,,,,,,
20211102,14,2280,14_2280,7.11.22,0.074,1.440,+,,,,,,,,,,,,,,,
20211129,41,2280,41_2280,9.9.22,0.047,7.898,-,,,,,,,,,,,,, , , 
20211214,56,2280,56_2280,9.4.23,0.049,2.000,-,,,,,,,,,,,,,,, 
20211012,-7,2282,-7_2282,6.30.22,0.044,1.450,-,,,,,,,,,,,,,,,
20211102,14,2282,14_2282,7.11.22,0.065,0.220,+,,,,,,,,,,,,,,,
20211129,41,2282,41_2282,9.9.22,0.043,1.644,-,,,,,,,,,,,,, , , 
20211214,56,2282,56_2282,8.2.23,0.045,0.300,-,,,,,,,,,,,,,,, 
20211012,-7,2299,-7_2299,6.30.22,0.043,0.990,-,,,,,,,,,,,,,,,
20211102,14,2299,14_2299,10.27.23,0.062,1.000,+,,,,,,,,,,,,,,,
20211129,41,2299,41_2299,10.27.23,0.056,2.000,-,,,,,,,,,,,,,,,
20211214,56,2299,56_2299,8.2.23,0.049,9.793,-,,,,,,,,,,,,,,, 
20211012,-7,2321,-7_2321,6.30.22,0.043,1.490,-,,,,,,,,,,,,,,,
20211102,14,2321,14_2321,7.11.22,0.044,1.290,-,,,,,,,,,,,,,,,
20211129,41,2321,41_2321,7.28.23,0.048,2.800,-,,,,,,,,,,,,, , , 
20211214,56,2321,56_2321,8.2.23,0.046,6.800,-,,,,,,,,,,,,,,, 
20211011,-8,2372,-8_2372,6.23.22,0.047,1.521,-,,,,,,,,,,,,,,,
20211103,15,2372,15_2372,1.22.24,0.043,0.330,-,,,,,,,,,,,,,,,
20211129,41,2372,41_2372,7.28.23,0.042,2.500,-,,,,,,,,,,,,, , , 
20211214,56,2372,56_2372,9.4.23,0.045,2.500,-,,,,,,,,,,,,,,, 
20211012,-7,2373,-7_2373,6.30.22,0.043,0.160,-,,,,,,,,,,,,,,,
20211102,14,2373,14_2373,7.11.22,0.092,8.330,+,,,,,,,,,,,,,,,
20211129,41,2373,41_2373,7.28.23,0.065,2.700,+,,,,,,,,,,,,, , , 
20211214,56,2373,56_2373,10.27.23,0.086,0.800,+,,,,,,,,,,,,,,, 
20211011,-8,2374,-8_2374,6.23.22,0.047,3.009,-,,,,,,,,,,,,,,,
20211103,15,2374,15_2374,7.12.22,0.045,0.640,-,,,,,,,,,,,,,,,
20211129,41,2374,41_2374,7.28.23,0.045,3.100,-,,,,,,,,,,,,, , , 
20211214,56,2374,56_2374,8.2.23,0.043,2.000,-,,,,,,,,,,,,,,, 
20211012,-7,2375,-7_2375,1.22.24,0.043,1.140,-,,,,,,,,,,,,,,,
20211102,14,2375,14_2375,7.11.22,0.080,3.280,+,,,,,,,,,,,,,,,
20211214,56,2375,56_2375,8.2.23,0.048,2.400,-,,,,,,,,,,,,,,, 
20211012,-7,2377,-7_2377,6.30.22,0.053,5.080,-,,,,,,,,,,,,,,,
20211102,14,2377,14_2377,7.11.22,0.043,0.330,-,,,,,,,,,,,,,,,
20211129,41,2377,41_2377,7.28.23,0.042,0.800,-,,,,,,,,,,,,, , , 
20211214,56,2377,56_2377,8.2.23,0.044,2.200,-,,,,,,,,,,,,,,, 
20211012,-7,2378,-7_2378,6.30.22,0.046,3.670,-,,,,,,,,,,,,,,,
20211102,14,2378,14_2378,7.11.22,0.043,0.170,-,,,,,,,,,,,,,,,
20211129,41,2378,41_2378,8.2.23,0.042,2.681,-,,,,,,,,,,,,, , , 
20211214,56,2378,56_2378,10.27.23,0.043,0.300,-,,,,,,,,,,,,,,, 
20211012,-7,2379,-7_2379,6.30.22,0.044,0.800,-,,,,,,,,,,,,,,,
20211102,14,2379,14_2379,7.11.22,0.080,2.730,+,,,,,,,,,,,,,,,
20211129,41,2379,41_2379,7.28.23,0.059,5.200,-,,,,,,,,,,,,, , , 
20211214,56,2379,56_2379,8.2.23,0.062,8.500,+,,,,,,,,,,,,,,, 
20211012,-7,2380,-7_2380,6.30.22,0.046,5.890,-,,,,,,,,,,,,,,,
20211103,15,2380,15_2380,7.12.22,0.043,1.630,-,,,,,,,,,,,,,,,
20211129,41,2380,41_2380,7.28.23,0.044,0.300,-,,,,,,,,,,,,, , , 
20211214,56,2380,56_2380,10.27.23,0.042,0.700,-,,,,,,,,,,,,,,, 
20211012,-7,2381,-7_2381,6.30.22,0.043,1.960,-,,,,,,,,,,,,,,,
20211102,14,2381,14_2381,10.27.23,0.042,3.400,-,,,,,,,,,,,,,,,
20211129,41,2381,41_2381,7.28.23,0.045,3.600,-,,,,,,,,,,,,, , , 
20211214,56,2381,56_2381,8.2.23,0.058,1.600,-,,,,,,,,,,,,,,, 
20211012,-7,2382,-7_2382,6.30.22,0.043,1.160,-,,,,,,,,,,,,,,,
20211103,15,2382,15_2382,7.12.22,0.044,0.160,-,,,,,,,,,,,,,,,
20211129,41,2382,41_2382,7.28.23,0.045,5.000,-,,,,,,,,,,,,, , , 
20211214,56,2382,56_2382,8.2.23,0.054,2.200,-,,,,,,,,,,,,,,, 
20211012,-7,2383,-7_2383,6.30.22,0.049,6.670,-,,,,,,,,,,,,,,,
20211103,15,2383,15_2383,7.12.22,0.044,1.630,-,,,,,,,,,,,,,,,
20211129,41,2383,41_2383,1.22.24,0.045,2.210,-,,,,,,,,,,,,, , , 
20211214,56,2383,56_2383,8.2.23,0.046,2.700,-,,,,,,,,,,,,,,, 
20211012,-7,2385,-7_2385,6.30.22,0.046,1.840,-,,,,,,,,,,,,,,,
20211103,15,2385,15_2385,NA,,,,,,,,,,,,,,,,,,
20211129,41,2385,41_2385,7.28.23,0.046,2.000,-,,,,,,,,,,,,, , , 
20211214,56,2385,56_2385,8.2.23,0.078,0.100,+,,,,,,,,,,,,,,, 
20211012,-7,2386,-7_2386,6.30.22,0.044,1.620,-,,,,,,,,,,,,,,,
20211102,14,2386,14_2386,7.11.22,0.078,8.130,+,,,,,,,,,,,,,,,
20211129,41,2386,41_2386,7.28.23,0.049,0.600,-,,,,,,,,,,,,, , , 
20211214,56,2386,56_2386,10.27.23,0.045,9.400,-,,,,,,,,,,,,,,, 
20211011,-8,2387,-8_2387,6.23.22,0.047,0.000,-,,,,,,,,,,,,,,,
20211102,14,2387,14_2387,7.11.22,0.068,1.550,+,,,,,,,,,,,,,,,
20211129,41,2387,41_2387,7.28.23,0.050,2.400,-,,,,,,,,,,,,, , , 
20211214,56,2387,56_2387,8.2.23,0.055,5.700,-,,,,,,,,,,,,,,, 
20211012,-7,2388,-7_2388,6.30.22,0.046,0.150,-,,,,,,,,,,,,,,,
20211102,14,2388,14_2388,7.11.22,0.111,2.300,+,,,,,,,,,,,,,,,
20211129,41,2388,41_2388,7.28.23,0.054,4.400,-,,,,,,,,,,,,, , , 
20211214,56,2388,56_2388,10.27.23,0.050,0.900,-,,,,,,,,,,,,,,, 
20211011,-8,2389,-8_2389,6.23.22,0.049,7.290,-,,,,,,,,,,,,,,,
20211102,14,2389,14_2389,7.11.22,0.042,0.000,-,,,,,,,,,,,,,,,
20211129,41,2389,41_2389,7.28.23,0.046,6.900,-,,,,,,,,,,,,, , , 
20211214,56,2389,56_2389,8.2.23,0.042,5.349,-,,,,,,,,,,,,,,, 
20211011,-8,2390,-8_2390,1.22.24,0.044,2.260,-,,,,,,,,,,,,,,,
20211102,14,2390,14_2390,7.11.22,0.043,0.330,-,,,,,,,,,,,,,,,
20211129,41,2390,41_2390,7.28.23,0.048,5.000,-,,,,,,,,,,,,, , , 
20211214,56,2390,56_2390,8.2.23,0.042,0.800,-,,,,,,,,,,,,,,, 
20211012,-7,2391,-7_2391,6.30.22,0.046,2.450,-,,,,,,,,,,,,,,,
20211102,14,2391,14_2391,10.27.23,0.054,3.200,-,,,,,,,,,,,,,,,
20211129,41,2391,41_2391,8.2.23,0.045,1.268,-,,,,,,,,,,,,, , , 
20211214,56,2391,56_2391,8.2.23,0.048,2.900,-,,,,,,,,,,,,,,, 
20211012,-7,2392,-7_2392,6.30.22,0.044,0.320,-,,,,,,,,,,,,,,,
20211103,15,2392,15_2392,1.22.24,0.042,1.340,-,,,,,,,,,,,,,,,
20211129,41,2392,41_2392,8.2.23,0.043,0.666,-,,,,,,,,,,,,, , , 
20211214,56,2392,56_2392,8.2.23,0.056,1.300,-,,,,,,,,,,,,,,, 
20211011,-8,2393,-8_2393,1.22.24,0.047,3.020,-,,,,,,,,,,,,,,,
20211103,15,2393,15_2393,1.22.24,0.044,1.440,-,,,,,,,,,,,,,,,
20211129,41,2393,41_2393,8.2.23,0.047,5.002,-,,,,,,,,,,,,, , , 
20211214,56,2393,56_2393,10.27.23,0.077,2.000,+,,,,,,,,,,,,,,, 
20211012,-7,2394,-7_2394,1.22.24,0.043,0.820,-,,,,,,,,,,,,,,,
20211102,14,2394,14_2394,7.11.22,0.044,2.230,-,,,,,,,,,,,,,,,
20211129,41,2394,41_2394,7.28.23,0.045,7.600,-,,,,,,,,,,,,, , , 
20211214,56,2394,56_2394,10.27.23,0.043,0.300,-,,,,,,,,,,,,,,, 
20211012,-7,2395,-7_2395,1.22.24,0.043,0.650,-,,,,,,,,,,,,,,,
20211103,15,2395,15_2395,NA,,,,,,,,,,,,,,,,,,
20211129,41,2395,41_2395,10.27.23,0.043,2.100,-,,,,,,,,,,,,,,,
20211214,56,2395,56_2395,8.2.23,0.064,6.200,+,,,,,,,,,,,,,,, 
20211012,-7,2396,-7_2396,6.30.22,0.044,0.000,-,,,,,,,,,,,,,,,
20211102,14,2396,14_2396,10.27.23,0.089,1.000,+,,,,,,,,,,,,,,,
20211129,41,2396,41_2396,7.28.23,0.073,1.500,+,,,,,,,,,,,,, , , 
20211214,56,2396,56_2396,9.4.23,0.098,4.000,+,,,,,,,,,,,,,,, 
20211012,-7,2397,-7_2397,6.30.22,0.044,0.800,-,,,,,,,,,,,,,,,
20211103,15,2397,15_2397,7.12.22,0.045,2.220,-,,,,,,,,,,,,,,,
20211129,41,2397,41_2397,7.28.23,0.046,4.400,-,,,,,,,,,,,,, , , 
20211214,56,2397,56_2397,8.2.23,0.046,0.900,-,,,,,,,,,,,,,,, 
20211012,-7,2398,-7_2398,1.22.24,0.045,0.950,-,,,,,,,,,,,,,,,
20211102,14,2398,14_2398,7.11.22,0.062,7.660,+,,,,,,,,,,,,,,,
20211129,41,2398,41_2398,7.28.23,0.052,9.900,-,,,,,,,,,,,,, , , 
20211214,56,2398,56_2398,10.27.23,0.049,1.000,-,,,,,,,,,,,,,,, 
20211012,-7,2399,-7_2399,7.4.22,0.045,6.750,-,,,,,,,,,,,,,,,
20211102,14,2399,14_2399,7.11.22,0.044,1.280,-,,,,,,,,,,,,,,,
20211129,41,2399,41_2399,7.28.23,0.044,3.700,-,,,,,,,,,,,,, , , 
20211214,56,2399,56_2399,8.2.23,0.054,0.700,-,,,,,,,,,,,,,,, 
20211012,-7,2400,-7_2400,7.4.22,0.049,1.300,-,,,,,,,,,,,,,,,
20211102,14,2400,14_2400,7.11.22,0.186,1.110,+,,,,,,,,,,,,,,,
20211129,41,2400,41_2400,7.28.23,0.126,5.900,+,,,,,,,,,,,,, , , 
20211214,56,2400,56_2400,10.27.23,0.113,2.800,+,,,,,,,,,,,,,,, 
20211012,-7,2403,-7_2403,7.4.22,0.050,6.270,-,,,,,,,,,,,,,,,
20211102,14,2403,14_2403,7.11.22,0.080,8.120,+,,,,,,,,,,,,,,,
20211129,41,2403,41_2403,7.28.23,0.070,9.500,+,,,,,,,,,,,,, , , 
20211214,56,2403,56_2403,10.27.23,0.072,0.000,+,,,,,,,,,,,,,,, 
20211012,-7,2406,-7_2406,7.4.22,0.050,13.340,-,,,,,,,,,,,,,,,
20211102,14,2406,14_2406,7.11.22,0.067,4.560,+,,,,,,,,,,,,,,,
20211129,41,2406,41_2406,7.28.23,0.059,1.700,-,,,,,,,,,,,,, , , 
20211214,56,2406,56_2406,8.2.23,0.053,3.300,-,,,,,,,,,,,,,,, 
20211012,-7,2407,-7_2407,7.4.22,0.045,1.430,-,,,,,,,,,,,,,,,
20211103,15,2407,15_2407,NA,,,,,,,,,,,,,,,,,,
20211129,41,2407,41_2407,8.2.23,0.043,1.629,-,,,,,,,,,,,,, , , 
20211214,56,2407,56_2407,8.2.23,0.088,5.900,+,,,,,,,,,,,,,,, 
20211011,-8,2408,-8_2408,6.23.22,0.045,1.589,-,,,,,,,,,,,,,,,
20211102,14,2408,14_2408,7.11.22,0.066,2.050,+,,,,,,,,,,,,,,,
20211129,41,2408,41_2408,10.27.23,0.044,0.200,-,,,,,,,,,,,,,,,
20211214,56,2408,56_2408,10.27.23,0.043,1.300,-,,,,,,,,,,,,,,, 
20211012,-7,2410,-7_2410,7.4.22,0.045,2.670,-,,,,,,,,,,,,,,,
20211102,14,2410,14_2410,7.11.22,0.154,1.920,+,,,,,,,,,,,,,,,
20211129,41,2410,41_2410,8.2.23,0.051,4.761,-,,,,,,,,,,,,, , , 
20211214,56,2410,56_2410,10.27.23,0.050,0.400,-,,,,,,,,,,,,,,,
20211012,-7,2411,-7_2411,7.4.22,0.046,5.250,-,,,,,,,,,,,,,,,
20211102,14,2411,14_2411,7.11.22,0.048,4.000,-,,,,,,,,,,,,,,,
20211129,41,2411,41_2411,7.28.23,0.044,1.100,-,,,,,,,,,,,,, , , 
20211214,56,2411,56_2411,8.2.23,0.044,2.913,-,,,,,,,,,,,,,,,
20211012,-7,2412,-7_2412,7.4.22,0.047,0.450,-,,,,,,,,,,,,,,,
20211102,14,2412,14_2412,7.11.22,0.045,0.320,-,,,,,,,,,,,,,,,
20211129,41,2412,41_2412,7.28.23,0.047,8.000,-,,,,,,,,,,,,, , , 
20211214,56,2412,56_2412,8.2.23,0.045,2.500,-,,,,,,,,,,,,,,,
20211012,-7,2413,-7_2413,7.4.22,0.050,4.960,-,,,,,,,,,,,,,,,
20211102,14,2413,14_2413,7.11.22,0.072,4.110,+,,,,,,,,,,,,,,,
20211129,41,2413,41_2413,7.28.23,0.074,1.100,+,,,,,,,,,,,,, , , 
20211214,56,2413,56_2413,8.2.23,0.056,2.600,-,,,,,,,,,,,,,,,
20211012,-7,2415,-7_2415,7.4.22,0.044,1.140,-,,,,,,,,,,,,,,,
20211103,15,2415,15_2415,1.22.24,0.046,1.390,-,,,,,,,,,,,,,,,
20211129,41,2415,41_2415,7.28.23,0.060,2.100,-,,,,,,,,,,,,, , , 
20211214,56,2415,56_2415,8.2.23,0.044,1.119,-,,,,,,,,,,,,,,,
20211012,-7,2416,-7_2416,7.4.22,0.044,0.320,-,,,,,,,,,,,,,,,
20211103,15,2416,15_2416,7.12.22,0.043,0.820,-,,,,,,,,,,,,,,,
20211129,41,2416,41_2416,7.28.23,0.047,1.800,-,,,,,,,,,,,,, , , 
20211214,56,2416,56_2416,8.2.23,0.046,1.200,-,,,,,,,,,,,,,,,
20211012,-7,2417,-7_2417,7.4.22,0.044,0.650,-,,,,,,,,,,,,,,,
20211103,15,2417,15_2417,NA,,,,,,,,,,,,,,,,,,
20211129,41,2417,41_2417,7.28.23,0.054,0.800,-,,,,,,,,,,,,, , , 
20211214,56,2417,56_2417,8.2.23,0.047,3.300,-,,,,,,,,,,,,,,,
20211012,-7,2418,-7_2418,7.4.22,0.046,4.650,-,,,,,,,,,,,,,,,
20211103,15,2418,15_2418,7.12.22,0.046,3.730,-,,,,,,,,,,,,,,,
20211129,41,2418,41_2418,7.28.23,0.044,1.000,-,,,,,,,,,,,,, , , 
20211214,56,2418,56_2418,8.2.23,0.106,4.100,+,,,,,,,,,,,,,,,
20211012,-7,2419,-7_2419,7.4.22,0.046,8.170,-,,,,,,,,,,,,,,,
20211103,15,2419,15_2419,7.12.22,0.045,5.300,-,,,,,,,,,,,,,,,
20211129,41,2419,41_2419,7.28.23,0.043,2.000,-,,,,,,,,,,,,, , , 
20211214,56,2419,56_2419,8.2.23,0.043,0.800,-,,,,,,,,,,,,,,,
20211012,-7,2426,-7_2426,7.4.22,0.050,2.270,-,,,,,,,,,,,,,,,
20211102,14,2426,14_2426,7.11.22,0.055,3.210,-,,,,,,,,,,,,,,,
20211129,41,2426,41_2426,8.2.23,0.063,9.609,+,,,,,,,,,,,,, , , 
20211214,56,2426,56_2426,8.2.23,0.044,0.800,-,,,,,,,,,,,,,,,
20211012,-7,2427,-7_2427,7.4.22,0.045,5.480,-,,,,,,,,,,,,,,,
20211102,14,2427,14_2427,7.11.22,0.046,0.310,-,,,,,,,,,,,,,,,
20211129,41,2427,41_2427,7.28.23,0.054,8.800,-,,,,,,,,,,,,, , , 
20211214,56,2427,56_2427,10.27.23,0.050,6.300,-,,,,,,,,,,,,,,,
20211011,-8,2428,-8_2428,6.23.22,0.044,0.000,-,,,,,,,,,,,,,,,
20211102,14,2428,14_2428,7.11.22,0.095,5.510,+,,,,,,,,,,,,,,,
20211129,41,2428,41_2428,7.28.23,0.056,0.300,-,,,,,,,,,,,,, , , 
20211214,56,2428,56_2428,8.2.23,0.049,6.200,-,,,,,,,,,,,,,,,
20211011,-8,2429,-8_2429,6.23.22,0.046,0.000,-,,,,,,,,,,,,,,,
20211103,15,2429,15_2429,7.12.22,0.046,7.200,-,,,,,,,,,,,,,,,
20211129,41,2429,41_2429,7.28.23,0.046,4.700,-,,,,,,,,,,,,, , , 
20211214,56,2429,56_2429,8.2.23,0.042,0.300,-,,,,,,,,,,,,,,,
20211012,-7,2432,-7_2432,7.4.22,0.051,8.030,-,,,,,,,,,,,,,,,
20211102,14,2432,14_2432,7.11.22,0.169,4.020,+,,,,,,,,,,,,,,,
20211129,41,2432,41_2432,7.28.23,0.062,3.200,+,,,,,,,,,,,,, , , 
20211214,56,2432,56_2432,8.2.23,0.050,1.100,-,,,,,,,,,,,,,,,
20211012,-7,2433,-7_2433,7.4.22,0.049,2.030,-,,,,,,,,,,,,,,,
20211102,14,2433,14_2433,7.11.22,0.044,0.970,-,,,,,,,,,,,,,,,
20211129,41,2433,41_2433,10.27.23,0.042,1.200,-,,,,,,,,,,,,,,,
20211214,56,2433,56_2433,8.2.23,0.043,1.600,-,,,,,,,,,,,,,,,
20211012,-7,2434,-7_2434,7.4.22,0.054,3.690,-,,,,,,,,,,,,,,,
20211103,15,2434,15_2434,7.12.22,0.048,0.880,-,,,,,,,,,,,,,,,
20211129,41,2434,41_2434,7.27.23,0.049,0.869,-,,,,,,,,,,,,,,,
20211214,56,2434,56_2434,9.4.23,0.049,1.000,-,,,,,,,,,,,,,,,
20211012,-7,2435,-7_2435,7.4.22,0.044,2.870,-,,,,,,,,,,,,,,,
20211102,14,2435,14_2435,7.11.22,0.110,7.200,+,,,,,,,,,,,,,,,
20211129,41,2435,41_2435,7.28.23,0.065,8.700,+,,,,,,,,,,,,, , , 
20211214,56,2435,56_2435,1.22.24,0.083,0.340,+,,,,,,,,,,,,,,,
20211012,-7,2439,-7_2439,7.4.22,0.046,9.350,-,,,,,,,,,,,,,,,
20211103,15,2439,15_2439,NA,,,,,,,,,,,,,,,,,,
20211129,41,2439,41_2439,7.28.23,0.042,3.200,-,,,,,,,,,,,,, , , 
20211214,56,2439,56_2439,8.2.23,0.046,1.900,-,,,,,,,,,,,,,,,
20211011,-8,2441,-8_2441,6.23.22,0.045,1.589,-,,,,,,,,,,,,,,,
20211102,14,2441,14_2441,7.11.22,0.060,1.190,-,,,,,,,,,,,,,,,
20211129,41,2441,41_2441,7.27.23,0.047,4.186,-,,,,,,,,,,,,,,,
20211214,56,2441,56_2441,10.27.23,0.050,0.400,-,,,,,,,,,,,,,,,
20211011,-8,2442,-8_2442,6.23.22,0.045,1.589,-,,,,,,,,,,,,,,,
20211102,14,2442,14_2442,7.12.22,0.054,0.000,-,,,,,,,,,,,,,,,
20211129,41,2442,41_2442,10.27.23,0.043,0.700,-,,,,,,,,,,,,,,,
20211214,56,2442,56_2442,10.27.23,0.043,0.300,-,,,,,,,,,,,,,,,
20211011,-8,2443,-8_2443,6.23.22,0.045,0.000,-,,,,,,,,,,,,,,,
20211102,14,2443,14_2443,10.27.23,0.138,0.900,+,,,,,,,,,,,,,,,
20211129,41,2443,41_2443,8.2.23,0.062,1.150,+,,,,,,,,,,,,, , , 
20211214,56,2443,56_2443,8.2.23,0.075,1.500,+,,,,,,,,,,,,,,,
20211011,-8,2445,-8_2445,6.23.22,0.046,4.662,-,,,,,,,,,,,,,,,
20211102,14,2445,14_2445,7.12.22,0.069,2.470,+,,,,,,,,,,,,,,,
20211129,41,2445,41_2445,7.27.23,0.044,4.022,-,,,,,,,,,,,,,,,
20211214,56,2445,56_2445,8.2.23,0.044,0.300,-,,,,,,,,,,,,,,,
20211012,-7,2446,-7_2446,7.4.22,0.053,0.130,-,,,,,,,,,,,,,,,
20211102,14,2446,14_2446,7.12.22,0.138,3.340,+,,,,,,,,,,,,,,,
20211129,41,2446,41_2446,10.27.23,0.081,5.600,+,,,,,,,,,,,,,,,
20211214,56,2446,56_2446,8.2.23,0.061,4.400,-,,,,,,,,,,,,,,,
20211012,-7,2447,-7_2447,7.4.22,0.052,5.290,-,,,,,,,,,,,,,,,
20211102,14,2447,14_2447,7.12.22,0.097,0.880,+,,,,,,,,,,,,,,,
20211129,41,2447,41_2447,7.27.23,0.051,2.218,-,,,,,,,,,,,,, , , 
20211214,56,2447,56_2447,8.2.23,0.050,7.200,-,,,,,,,,,,,,,,,
20211012,-7,2449,-7_2449,7.4.22,0.052,22.960,-,,,,,,,,,,,,,,,
20211102,14,2449,14_2449,7.12.22,0.126,0.670,+,,,,,,,,,,,,,,,
20211129,41,2449,41_2449,7.27.23,0.090,9.815,+,,,,,,,,,,,,, , , 
20211214,56,2449,56_2449,8.2.23,0.072,2.350,+,,,,,,,,,,,,,,,
20211012,-7,2450,-7_2450,7.4.22,0.048,5.160,-,,,,,,,,,,,,,,,
20211103,15,2450,15_2450,NA,,,,,,,,,,,,,,,,,,
20211129,41,2450,41_2450,8.2.23,0.043,2.637,-,,,,,,,,,,,,, , , 
20211214,56,2450,56_2450,8.2.23,0.048,5.019,-,,,,,,,,,,,,,,,
20211011,-8,2451,-8_2451,6.23.22,0.046,1.554,-,,,,,,,,,,,,,,,
20211102,14,2451,14_2451,7.12.22,0.090,2.830,+,,,,,,,,,,,,,,,
20211129,41,2451,41_2451,7.27.23,0.048,3.385,-,,,,,,,,,,,,,,,
20211214,56,2451,56_2451,8.2.23,0.051,1.500,-,,,,,,,,,,,,,,,
20211012,-7,2452,-7_2452,7.4.22,0.053,5.120,-,,,,,,,,,,,,,,,
20211103,15,2452,15_2452,7.12.22,0.044,1.460,-,,,,,,,,,,,,,,,
20211129,41,2452,41_2452,7.27.23,0.043,0.000,-,,,,,,,,,,,,, , , 
20211214,56,2452,56_2452,8.2.23,0.043,0.200,-,,,,,,,,,,,,,,,
20211012,-7,2453,-7_2453,7.4.22,0.044,1.290,-,,,,,,,,,,,,,,,
20211102,14,2453,14_2453,7.12.22,0.116,8.120,+,,,,,,,,,,,,,,,
20211129,41,2453,41_2453,7.27.23,0.046,6.499,-,,,,,,,,,,,,, , , 
20211214,56,2453,56_2453,8.2.23,0.047,9.300,-,,,,,,,,,,,,,,,
20211012,-7,2454,-7_2454,7.4.22,0.043,1.650,-,,,,,,,,,,,,,,,
20211102,14,2454,14_2454,7.12.22,0.065,1.530,+,,,,,,,,,,,,,,,
20211129,41,2454,41_2454,7.27.23,0.048,2.338,-,,,,,,,,,,,,, , , 
20211214,56,2454,56_2454,8.2.23,0.042,1.300,-,,,,,,,,,,,,,,,
20211012,-7,2455,-7_2455,7.4.22,0.043,1.140,-,,,,,,,,,,,,,,,
20211102,14,2455,14_2455,10.27.23,0.064,1.800,+,,,,,,,,,,,,,,,
20211129,41,2455,41_2455,7.28.23,0.055,5.600,-,,,,,,,,,,,,, , , 
20211214,56,2455,56_2455,8.2.23,0.056,8.379,-,,,,,,,,,,,,,,,
20211012,-7,2458,-7_2458,7.4.22,0.048,13.120,-,,,,,,,,,,,,,,,
20211103,15,2458,15_2458,1.22.24,0.043,0.170,-,,,,,,,,,,,,,,,
20211129,41,2458,41_2458,7.27.23,0.043,5.879,-,,,,,,,,,,,,,,,
20211214,56,2458,56_2458,8.2.23,0.046,8.800,-,,,,,,,,,,,,,,,
20211012,-7,2459,-7_2459,7.4.22,0.051,18.690,-,,,,,,,,,,,,,,,
20211102,14,2459,14_2459,7.12.22,0.046,4.780,-,,,,,,,,,,,,,,,
20211129,41,2459,41_2459,10.27.23,0.042,0.300,-,,,,,,,,,,,,,,,
20211214,56,2459,56_2459,8.2.23,0.043,2.000,-,,,,,,,,,,,,,,,
20211012,-7,2460,-7_2460,7.4.22,0.045,2.660,-,,,,,,,,,,,,,,,
20211103,15,2460,15_2460,NA,,,,,,,,,,,,,,,,,,
20211129,41,2460,41_2460,10.27.23,0.044,0.000,-,,,,,,,,,,,,,,,
20211214,56,2460,56_2460,10.27.23,0.115,4.700,+,,,,,,,,,,,,,,,
20211011,-8,2461,-8_2461,6.23.22,0.047,7.603,-,,,,,,,,,,,,,,,
20211102,14,2461,14_2461,7.12.22,0.077,3.870,+,,,,,,,,,,,,,,,
20211129,41,2461,41_2461,7.27.23,0.051,4.553,-,,,,,,,,,,,,,,,
20211214,56,2461,56_2461,8.2.23,0.048,0.300,-,,,,,,,,,,,,,,,
20211214,56,2462,56_2462,8.2.23,0.067,3.077,+,Changed from 2460,,,,,,,,,,,,,,
20211012,-7,2462,-7_2462,7.4.22,0.047,10.440,-,,,,,,,,,,,,,,,
20211102,14,2462,14_2462,7.12.22,0.174,2.270,+,,,,,,,,,,,,,,,
20211129,41,2462,41_2462,7.28.23,0.067,0.900,+,,,,,,,,,,,,, , , 
20211012,-7,2464,-7_2464,7.4.22,0.048,10.810,-,,,,,,,,,,,,,,,
20211102,14,2464,14_2464,7.12.22,0.088,1.860,+,,,,,,,,,,,,,,,
20211129,41,2464,41_2464,7.28.23,0.048,2.000,-,,,,,,,,,,,,, , , 
20211214,56,2464,56_2464,8.2.23,0.048,4.401,-,,,,,,,,,,,,,,,
20211012,-7,2465,-7_2465,7.4.22,0.047,1.510,-,,,,,,,,,,,,,,,
20211102,14,2465,14_2465,7.12.22,0.080,0.530,+,,,,,,,,,,,,,,,
20211129,41,2465,41_2465,7.27.23,0.056,3.132,-,,,,,,,,,,,,,,,
20211214,56,2465,56_2465,8.2.23,0.120,0.500,+,,,,,,,,,,,,,,,
20211012,-7,2466,-7_2466,7.4.22,0.044,3.520,-,,,,,,,,,,,,,,,
20211102,14,2466,14_2466,7.12.22,0.073,3.310,+,,,,,,,,,,,,,,,
20211129,41,2466,41_2466,8.2.23,0.046,1.080,-,,,,,,,,,,,,, , , 
20211214,56,2466,56_2466,8.2.23,0.044,0.161,-,,,,,,,,,,,,,,,
20211012,-7,2467,-7_2467,7.4.22,0.043,2.130,-,,,,,,,,,,,,,,,
20211102,14,2467,14_2467,7.12.22,0.095,3.510,+,,,,,,,,,,,,,,,
20211129,41,2467,41_2467,10.27.23,0.050,2.100,-,,,,,,,,,,,,,,,
20211214,56,2467,56_2467,9.4.23,0.051,0.100,-,,,,,,,,,,,,,,,
20211011,-8,2469,-8_2469,6.23.22,0.045,3.143,-,,,,,,,,,,,,,,,
20211102,14,2469,14_2469,7.12.22,0.049,1.580,-,,,,,,,,,,,,,,,
20211129,41,2469,41_2469,7.27.23,0.054,8.074,-,,,,,,,,,,,,,,,
20211214,56,2469,56_2469,10.27.23,0.049,0.000,-,,,,,,,,,,,,,,,
20211012,-7,2470,-7_2470,7.4.22,0.055,0.650,-,,,,,,,,,,,,,,,
20211102,14,2470,14_2470,7.12.22,0.071,0.000,+,,,,,,,,,,,,,,,
20211129,41,2470,41_2470,7.27.23,0.050,1.833,-,,,,,,,,,,,,,,,
20211214,56,2470,56_2470,8.2.23,0.052,2.200,-,,,,,,,,,,,,,,,
20211011,-8,2471,-8_2471,6.23.22,0.045,1.589,-,,,,,,,,,,,,,,,
20211103,15,2471,15_2471,1.22.24,0.043,0.990,-,,,,,,,,,,,,,,,
20211129,41,2471,41_2471,10.27.23,0.042,1.000,-,,,,,,,,,,,,,,,
20211214,56,2471,56_2471,10.27.23,0.042,2.000,-,,,,,,,,,,,,,,,
20211011,-8,2472,-8_2472,6.23.22,0.044,0.000,-,,,,,,,,,,,,,,,
20211103,15,2472,15_2472,7.12.22,0.043,2.500,-,,,,,,,,,,,,,,,
20211129,41,2472,41_2472,7.27.23,0.047,6.305,-,,,,,,,,,,,,, , , 
20211214,56,2472,56_2472,8.2.23,0.044,0.300,-,,,,,,,,,,,,,,,
20211011,-8,2473,-8_2473,6.23.22,0.054,2.619,-,,,,,,,,,,,,,,,
20211102,14,2473,14_2473,7.12.22,0.084,1.760,+,,,,,,,,,,,,,,,
20211129,41,2473,41_2473,7.27.23,0.066,1.394,+,,,,,,,,,,,,,,,
20211214,56,2473,56_2473,8.2.23,0.056,2.100,-,,,,,,,,,,,,,,,
20211012,-7,2474,-7_2474,7.4.22,0.045,8.890,-,,,,,,,,,,,,,,,
20211102,14,2474,14_2474,10.27.23,0.043,2.500,-,,,,,,,,,,,,,,,
20211129,41,2474,41_2474,7.28.23,0.045,8.400,-,,,,,,,,,,,,, , , 
20211214,56,2474,56_2474,8.2.23,0.053,3.048,-,,,,,,,,,,,,,,,
20211011,-8,2475,-8_2475,6.23.22,0.046,1.554,-,,,,,,,,,,,,,,,
20211103,15,2475,15_2475,7.12.22,0.047,11.560,-,,,,,,,,,,,,,,,
20211129,41,2475,41_2475,7.27.23,0.043,2.487,-,,,,,,,,,,,,,,,
20211214,56,2475,56_2475,8.2.23,0.045,1.096,-,,,,,,,,,,,,,,,
20211011,-8,2476,-8_2476,6.23.22,0.045,0.000,-,,,,,,,,,,,,,,,
20211102,14,2476,14_2476,7.12.22,0.100,4.390,+,,,,,,,,,,,,,,,
20211129,41,2476,41_2476,7.28.23,0.056,1.600,-,,,,,,,,,,,,, , , 
20211214,56,2476,56_2476,8.2.23,0.048,3.900,-,,,,,,,,,,,,,,,
20211011,-8,2477,-8_2477,6.23.22,0.047,3.009,-,,,,,,,,,,,,,,,
20211102,14,2477,14_2477,7.12.22,0.157,0.230,+,,,,,,,,,,,,,,,
20211129,41,2477,41_2477,7.27.23,0.074,4.193,+,,,,,,,,,,,,,,,
20211214,56,2477,56_2477,10.27.23,0.070,2.900,+,,,,,,,,,,,,,,,
20211011,-8,2478,-8_2478,6.23.22,0.047,6.018,-,,,,,,,,,,,,,,,
20211102,14,2478,14_2478,7.12.22,0.056,6.290,-,,,,,,,,,,,,,,,
20211129,41,2478,41_2478,7.27.23,0.044,0.956,-,,,,,,,,,,,,,,,
20211214,56,2478,56_2478,8.2.23,0.045,6.190,-,,,,,,,,,,,,,,,
20211011,-8,2480,-8_2480,6.23.22,0.045,0.000,-,,,,,,,,,,,,,,,
20211102,14,2480,14_2480,7.12.22,0.096,4.000,+,,,,,,,,,,,,,,,
20211129,41,2480,41_2480,7.28.23,0.053,2.500,-,,,,,,,,,,,,, , , 
20211214,56,2480,56_2480,8.2.23,0.047,3.000,-,,,,,,,,,,,,,,,
20211011,-8,2483,-8_2483,6.23.22,0.047,1.521,-,,,,,,,,,,,,,,,
20211102,14,2483,14_2483,7.12.22,0.130,8.310,+,,,,,,,,,,,,,,,
20211129,41,2483,41_2483,10.27.23,0.057,1.600,-,,,,,,,,,,,,,,,
20211214,56,2483,56_2483,8.2.23,0.053,6.300,-,,,,,,,,,,,,,,,
20211011,-8,2485,-8_2485,6.23.22,0.050,2.828,-,,,,,,,,,,,,,,,
20211102,14,2485,14_2485,10.27.23,0.041,0.200,-,,,,,,,,,,,,,,,
20211129,41,2485,41_2485,7.27.23,0.043,4.116,-,,,,,,,,,,,,,,,
20211214,56,2485,56_2485,10.27.23,0.080,0.500,+,,,,,,,,,,,,,,,
20211011,-8,2486,-8_2486,6.23.22,0.054,5.238,-,,,,,,,,,,,,,,,
20211102,14,2486,14_2486,7.12.22,0.129,0.600,+,,,,,,,,,,,,,,,
20211129,41,2486,41_2486,7.27.23,0.053,1.475,-,,,,,,,,,,,,,,,
20211214,56,2486,56_2486,8.2.23,0.060,1.800,-,,,,,,,,,,,,,,,
20211011,-8,2487,-8_2487,6.23.22,0.048,2.946,-,,,,,,,,,,,,,,,
20211103,15,2487,15_2487,9.9.22,0.043,0.989,-,,,,,,,,,,,,,,,
20211129,41,2487,41_2487,7.27.23,0.049,5.367,-,,,,,,,,,,,,,,,
20211214,56,2487,56_2487,8.2.23,0.044,3.023,-,,,,,,,,,,,,,,,
20211011,-8,2489,-8_2489,6.23.22,0.045,1.589,-,,,,,,,,,,,,,,,
20211103,15,2489,15_2489,NA,,,,,,,,,,,,,,,,,,
20211129,41,2489,41_2489,7.27.23,0.043,2.308,-,,,,,,,,,,,,,,,
20211214,56,2489,56_2489,8.2.23,0.045,3.500,-,,,,,,,,,,,,,,,
20211011,-8,2490,-8_2490,6.23.22,0.045,0.000,-,,,,,,,,,,,,,,,
20211103,15,2490,15_2490,9.9.22,0.044,0.324,-,,,,,,,,,,,,,,,
20211129,41,2490,41_2490,7.27.23,0.042,1.020,-,,,,,,,,,,,,,,,
20211214,56,2490,56_2490,9.4.23,0.044,1.300,-,,,,,,,,,,,,,,,
20211011,-8,2491,-8_2491,1.22.24,0.045,2.220,-,,,,,,,,,,,,,,,
20211103,15,2491,15_2491,9.9.22,0.045,9.179,-,,,,,,,,,,,,,,,
20211129,41,2491,41_2491,8.2.23,0.044,3.379,-,,,,,,,,,,,,, , , 
20211214,56,2491,56_2491,8.2.23,0.056,6.100,-,,,,,,,,,,,,,,,
20211011,-8,2492,-8_2492,6.23.22,0.048,7.443,-,,,,,,,,,,,,,,,
20211102,14,2492,14_2492,7.12.22,0.135,5.810,+,,,,,,,,,,,,,,,
20211129,41,2492,41_2492,10.27.23,0.056,1.900,-,,,,,,,,,,,,,,,
20211214,56,2492,56_2492,8.2.23,0.054,4.100,-,,,,,,,,,,,,,,,
20211011,-8,2493,-8_2493,6.23.22,0.047,9.027,-,,,,,,,,,,,,,,,
20211103,15,2493,15_2493,9.9.22,0.046,7.865,-,,,,,,,,,,,,,,,
20211129,41,2493,41_2493,7.27.23,0.043,2.481,-,,,,,,,,,,,,,,,
20211214,56,2493,56_2493,10.27.23,0.042,2.000,-,,,,,,,,,,,,,,,
20211011,-8,2494,-8_2494,1.22.24,0.044,0.490,-,,,,,,,,,,,,,,,
20211102,14,2494,14_2494,7.12.22,0.082,3.300,+,,,,,,,,,,,,,,,
20211129,41,2494,41_2494,7.27.23,0.062,1.375,+,,,,,,,,,,,,,,,
20211214,56,2494,56_2494,8.2.23,0.054,6.900,-,,,,,,,,,,,,,,,
20211011,-8,2495,-8_2495,6.23.22,0.047,6.018,-,,,,,,,,,,,,,,,
20211102,14,2495,14_2495,7.12.22,0.049,3.170,-,,,,,,,,,,,,,,,
20211129,41,2495,41_2495,7.28.23,0.043,0.700,-,,,,,,,,,,,,, , , 
20211214,56,2495,56_2495,8.2.23,0.044,5.700,-,,,,,,,,,,,,,,,
20211011,-8,2496,-8_2496,1.22.24,0.044,0.160,-,,,,,,,,,,,,,,,
20211102,14,2496,14_2496,NA,,,,,,,,,,,,,,,,,,
20211129,41,2496,41_2496,7.27.23,0.048,1.336,-,,,,,,,,,,,,,,,
20211214,56,2496,56_2496,,0.046,1.860,-,,,,,,,,,,,,,,,
20211011,-8,2497,-8_2497,6.23.22,0.048,7.443,-,,,,,,,,,,,,,,,
20211103,15,2497,15_2497,9.9.22,0.044,7.662,-,,,,,,,,,,,,,,,
20211129,41,2497,41_2497,7.27.23,0.044,3.901,-,,,,,,,,,,,,,,,
20211214,56,2497,56_2497,10.27.23,0.099,3.100,+,,,,,,,,,,,,,,,
20211011,-8,2498,-8_2498,6.23.22,0.049,7.290,-,,,,,,,,,,,,,,,
20211103,15,2498,15_2498,NA,,,,,,,,,,,,,,,,,,
20211129,41,2498,41_2498,7.28.23,0.049,4.000,-,,,,,,,,,,,,, , , 
20211214,56,2498,56_2498,8.2.23,0.042,1.300,-,,,,,,,,,,,,,,,
20211011,-8,2499,-8_2499,6.23.22,0.047,3.009,-,,,,,,,,,,,,,,,
20211102,14,2499,14_2499,7.12.22,0.044,6.250,-,,,,,,,,,,,,,,,
20211129,41,2499,41_2499,7.28.23,0.045,7.800,-,,,,,,,,,,,,, , , 
20211214,56,2499,56_2499,10.27.23,0.126,3.500,+,,,,,,,,,,,,,,,
20211011,-8,2502,-8_2502,6.23.22,0.046,3.074,-,,,,,,,,,,,,,,,
20211102,14,2502,14_2502,7.12.22,0.096,6.050,+,,,,,,,,,,,,,,,
20211129,41,2502,41_2502,7.27.23,0.043,0.326,-,,,,,,,,,,,,,,,
20211214,56,2502,56_2502,8.2.23,0.047,9.810,-,,,,,,,,,,,,,,,
20211011,-8,2503,-8_2503,6.23.22,0.048,1.489,-,,,,,,,,,,,,,,,
20211103,15,2503,15_2503,9.9.22,0.045,6.690,-,,,,,,,,,,,,,,,
20211129,41,2503,41_2503,10.27.23,0.043,0.200,-,,,,,,,,,,,,,,,
20211214,56,2503,56_2503,10.27.23,0.043,2.500,-,,,,,,,,,,,,,,,
20211011,-8,2504,-8_2504,6.23.22,0.048,7.443,-,,,,,,,,,,,,,,,
20211102,14,2504,14_2504,7.12.22,0.071,0.900,+,,,,,,,,,,,,,,,
20211129,41,2504,41_2504,7.27.23,0.053,2.139,-,,,,,,,,,,,,,,,
20211214,56,2504,56_2504,10.27.23,0.048,1.600,-,,,,,,,,,,,,,,,
20211011,-8,2505,-8_2505,7.25.22,0.071,1.495,+,,,,,,,,,,,,,,,
20211102,14,2505,14_2505,7.12.22,0.173,3.350,+,,,,,,,,,,,,,,,
20211129,41,2505,41_2505,7.27.23,0.055,4.612,-,,,,,,,,,,,,, , , 
20211214,56,2505,56_2505,8.2.23,0.050,3.100,-,,,,,,,,,,,,,,,
20211011,-8,2506,-8_2506,1.22.24,0.042,2.170,-,,,,,,,,,,,,,,,
20211102,14,2506,14_2506,7.12.22,0.077,0.740,+,,,,,,,,,,,,,,,
20211129,41,2506,41_2506,7.27.23,0.047,3.912,-,,,,,,,,,,,,,,,
20211214,56,2506,56_2506,8.2.23,0.046,3.100,-,,,,,,,,,,,,,,,
20211011,-8,2511,-8_2511,6.27.22,0.048,2.200,-,,,,,,,,,,,,,,,
20211103,15,2511,15_2511,NA,,,,,,,,,,,,,,,,,,
20211129,41,2511,41_2511,7.27.23,0.043,0.666,-,,,,,,,,,,,,,,,
20211214,56,2511,56_2511,8.2.23,0.046,4.600,-,,,,,,,,,,,,,,,
20211011,-8,2512,-8_2512,6.27.22,0.056,8.600,-,,,,,,,,,,,,,,,
20211103,15,2512,15_2512,9.9.22,0.043,1.325,-,,,,,,,,,,,,,,,
20211129,41,2512,41_2512,10.27.23,0.042,0.010,-,,,,,,,,,,,,,,,
20211214,56,2512,56_2512,8.2.23,0.082,4.100,+,,,,,,,,,,,,,,,
20211011,-8,2513,-8_2513,1.22.24,0.055,0.130,-,,,,,,,,,,,,,,,
20211102,14,2513,14_2513,7.12.22,0.053,1.330,-,,,,,,,,,,,,,,,
20211129,41,2513,41_2513,7.27.23,0.051,0.555,-,,,,,,,,,,,,,,,
20211214,56,2513,56_2513,9.4.23,0.054,1.000,-,,,,,,,,,,,,,,,
20211011,-8,2514,-8_2514,6.27.22,0.049,0.100,-,,,,,,,,,,,,,,,
20211103,15,2514,15_2514,9.9.22,0.045,1.898,-,,,,,,,,,,,,,,,
20211129,41,2514,41_2514,10.27.23,0.043,0.800,-,,,,,,,,,,,,,,,
20211214,56,2514,56_2514,8.2.23,0.048,3.400,-,,,,,,,,,,,,,,,
20211011,-8,2515,-8_2515,6.27.22,0.055,8.400,-,,,,,,,,,,,,,,,
20211102,14,2515,14_2515,7.12.22,0.073,1.260,+,,,,,,,,,,,,,,,
20211129,41,2515,41_2515,7.27.23,0.048,1.181,-,,,,,,,,,,,,,,,
20211214,56,2515,56_2515,8.2.23,0.045,0.470,-,,,,,,,,,,,,,,,
20211011,-8,2516,-8_2516,6.27.22,0.047,0.900,-,,,,,,,,,,,,,,,
20211102,14,2516,14_2516,7.12.22,0.047,3.300,-,,,,,,,,,,,,,,,
20211129,41,2516,41_2516,7.27.23,0.047,3.626,-,,,,,,,,,,,,,,,
20211214,56,2516,56_2516,8.2.23,0.045,3.000,-,,,,,,,,,,,,,,,
20211011,-8,2517,-8_2517,6.27.22,0.047,0.300,-,,,,,,,,,,,,,,,
20211103,15,2517,15_2517,9.9.22,0.044,2.601,-,,,,,,,,,,,,,,,
20211129,41,2517,41_2517,10.27.23,0.045,7.700,-,,,,,,,,,,,,,,,
20211214,56,2517,56_2517,9.4.23,0.086,1.600,+,,,,,,,,,,,,,,,
20211011,-8,2518,-8_2518,6.27.22,0.045,0.800,-,,,,,,,,,,,,,,,
20211102,14,2518,14_2518,7.12.22,0.066,3.540,+,,,,,,,,,,,,,,,
20211129,41,2518,41_2518,7.27.23,0.057,7.521,-,,,,,,,,,,,,,,,
20211214,56,2518,56_2518,8.2.23,0.049,0.900,-,,,,,,,,,,,,,,,
20211011,-8,2519,-8_2519,6.27.22,0.045,0.600,-,,,,,,,,,,,,,,,
20211102,14,2519,14_2519,10.27.23,0.041,0.200,-,,,,,,,,,,,,,,,
20211129,41,2519,41_2519,7.27.23,0.042,0.509,-,,,,,,,,,,,,,,,
20211214,56,2519,56_2519,10.27.23,0.042,2.400,-,,,,,,,,,,,,,,,
20211011,-8,2520,-8_2520,6.27.22,0.047,0.200,-,,,,,,,,,,,,,,,
20211102,14,2520,14_2520,7.12.22,0.115,0.370,+,,,,,,,,,,,,,,,
20211129,41,2520,41_2520,7.27.23,0.061,0.694,+,,,,,,,,,,,,, , ,
20211214,56,2520,56_2520,8.2.23,0.076,2.900,+,,,,,,,,,,,,,,,
20211011,-8,2521,-8_2521,6.27.22,0.048,0.100,-,,,,,,,,,,,,,,,
20211102,14,2521,14_2521,10.27.23,0.068,0.300,+,,,,,,,,,,,,,,,
20211129,41,2521,41_2521,8.2.23,0.044,6.950,-,,,,,,,,,,,,, , , 
20211214,56,2521,56_2521,10.27.23,0.049,0.300,-,,,,,,,,,,,,,,,
20211011,-8,2522,-8_2522,6.27.22,0.046,0.300,-,,,,,,,,,,,,,,,
20211102,14,2522,14_2522,7.12.22,0.044,1.280,-,,,,,,,,,,,,,,,
20211129,41,2522,41_2522,7.27.23,0.043,2.297,-,,,,,,,,,,,,, , , 
20211214,56,2522,56_2522,10.27.23,0.042,1.000,-,,,,,,,,,,,,,,,
20211011,-8,2524,-8_2524,6.27.22,0.046,0.200,-,,,,,,,,,,,,,,,
20211102,14,2524,14_2524,1.22.24,0.089,3.020,+,,,,,,,,,,,,,,,
20211129,41,2524,41_2524,10.27.23,0.046,0.030,-,,,,,,,,,,,,,,,
20211214,56,2524,56_2524,8.2.23,0.045,0.629,-,,,,,,,,,,,,,,,
20211011,-8,2525,-8_2525,6.27.22,0.049,1.458,-,,,,,,,,,,,,,,,
20211102,14,2525,14_2525,7.12.22,0.073,4.100,+,,,,,,,,,,,,,,,
20211129,41,2525,41_2525,7.27.23,0.046,2.791,-,,,,,,,,,,,,,,,
20211214,56,2525,56_2525,10.27.23,0.046,1.500,-,,,,,,,,,,,,,,,
20211011,-8,2526,-8_2526,6.27.22,0.046,3.074,-,,,,,,,,,,,,,,,
20211102,14,2526,14_2526,7.12.22,0.127,0.060,+,,,,,,,,,,,,,,,
20211129,41,2526,41_2526,7.27.23,0.056,2.548,-,,,,,,,,,,,,,,,
20211214,56,2526,56_2526,8.2.23,0.051,8.900,-,,,,,,,,,,,,,,,
20211011,-8,2527,-8_2527,1.22.24,0.044,0.970,-,,,,,,,,,,,,,,,
20211102,14,2527,14_2527,7.12.22,0.044,3.350,-,,,,,,,,,,,,,,,
20211129,41,2527,41_2527,7.27.23,0.043,1.664,-,,,,,,,,,,,,,,,
20211214,56,2527,56_2527,8.2.23,0.045,6.200,-,,,,,,,,,,,,,,,
20211011,-8,2530,-8_2530,6.30.22,0.044,0.480,-,,,,,,,,,,,,,,,
20211102,14,2530,14_2530,7.12.22,0.077,9.170,+,,,,,,,,,,,,,,,
20211129,41,2530,41_2530,7.27.23,0.046,1.979,-,,,,,,,,,,,,,,,
20211214,56,2530,56_2530,8.2.23,0.044,0.320,-,,,,,,,,,,,,,,,
20211011,-8,2533,-8_2533,6.30.22,0.046,3.090,-,,,,,,,,,,,,,,,
20211102,14,2533,14_2533,7.12.22,0.080,5.450,+,,,,,,,,,,,,,,,
20211129,41,2533,41_2533,7.27.23,0.049,0.576,-,,,,,,,,,,,,,,,
20211214,56,2533,56_2533,8.2.23,0.048,6.000,-,,,,,,,,,,,,,,,
20211011,-8,2535,-8_2535,1.22.24,0.043,0.650,-,,,,,,,,,,,,,,,
20211102,14,2535,14_2535,7.12.22,0.043,0.490,-,,,,,,,,,,,,,,,
20211129,41,2535,41_2535,7.27.23,0.045,5.619,-,,,,,,,,,,,,,,,
20211214,56,2535,56_2535,10.27.23,0.041,1.600,-,,,,,,,,,,,,,,, 
20211011,-8,2536,-8_2536,6.30.22,0.047,1.650,-,,,,,,,,,,,,,,,
20211102,14,2536,14_2536,7.12.22,0.091,0.770,+,,,,,,,,,,,,,,,
20211129,41,2536,41_2536,7.27.23,0.047,8.745,-,,,,,,,,,,,,,,,
20211214,56,2536,56_2536,8.2.23,0.047,2.700,-,,,,,,,,,,,,,,, 
20211011,-8,2537,-8_2537,6.30.22,0.045,1.110,-,,,,,,,,,,,,,,,
20211103,15,2537,15_2537,NA,,,,,,,,,,,,,,,,,,
20211129,41,2537,41_2537,7.27.23,0.046,9.408,-,,,,,,,,,,,,, , , 
20211214,56,2537,56_2537,10.27.23,0.042,0.200,-,,,,,,,,,,,,,,, 
20211011,-8,2538,-8_2538,6.30.22,0.045,1.430,-,,,,,,,,,,,,,,,
20211103,15,2538,15_2538,1.22.24,0.044,0.650,-,,,,,,,,,,,,,,,
20211129,41,2538,41_2538,7.27.23,0.043,0.489,-,,,,,,,,,,,,,,,
20211214,56,2538,56_2538,8.2.23,0.046,7.400,-,,,,,,,,,,,,,,, 
20211011,-8,2539,-8_2539,6.30.22,0.054,1.050,-,,,,,,,,,,,,,,,
20211102,14,2539,14_2539,7.12.22,0.066,2.460,+,,,,,,,,,,,,,,,
20211129,41,2539,41_2539,7.27.23,0.047,0.908,-,,,,,,,,,,,,, , ,
20211214,56,2539,56_2539,8.2.23,0.046,1.696,-,,,,,,,,,,,,,,, 
20211011,-8,2540,-8_2540,6.30.22,0.046,2.130,-,,,,,,,,,,,,,,,
20211102,14,2540,14_2540,7.12.22,0.064,1.000,+,,,,,,,,,,,,,,,
20211129,41,2540,41_2540,7.27.23,0.057,0.250,-,,,,,,,,,,,,,,,
20211214,56,2540,56_2540,8.2.23,0.047,3.000,-,,,,,,,,,,,,,,, 
20211011,-8,2541,-8_2541,6.30.22,0.045,3.590,-,,,,,,,,,,,,,,,
20211102,14,2541,14_2541,7.12.22,0.054,3.510,-,,,,,,,,,,,,,,,
20211129,41,2541,41_2541,10.27.23,0.042,0.300,-,,,,,,,,,,,,,,,
20211214,56,2541,56_2541,10.27.23,0.043,0.300,-,,,,,,,,,,,,,,,
20211011,-8,2542,-8_2542,7.25.22,0.052,2.443,-,,,,,,,,,,,,,,,
20211102,14,2542,14_2542,1.22.24,0.045,0.630,-,,,,,,,,,,,,,,,
20211129,41,2542,41_2542,10.27.23,0.042,0.200,-,,,,,,,,,,,,,,,
20211214,56,2542,56_2542,8.2.23,0.101,4.600,+,,,,,,,,,,,,,,,
20211011,-8,2543,-8_2543,6.30.22,0.046,4.140,-,,,,,,,,,,,,,,,
20211102,14,2543,14_2543,7.12.22,0.078,5.820,+,,,,,,,,,,,,,,,
20211129,41,2543,41_2543,7.27.23,0.046,1.527,-,,,,,,,,,,,,,,,
20211214,56,2543,56_2543,8.2.23,0.046,0.000,-,,,,,,,,,,,,,,,
20211011,-8,2544,-8_2544,6.30.22,0.045,0.470,-,,,,,,,,,,,,,,,
20211102,14,2544,14_2544,1.22.24,0.090,2.980,+,,,,,,,,,,,,,,,
20211129,41,2544,41_2544,7.27.23,0.048,4.562,-,,,,,,,,,,,,,,,
20211214,56,2544,56_2544,10.27.23,0.057,1.700,-,,,,,,,,,,,,,,,
20211011,-8,2545,-8_2545,6.30.22,0.045,0.470,-,,,,,,,,,,,,,,,
20211103,15,2545,15_2545,9.9.22,0.043,1.328,-,,,,,,,,,,,,,,,
20211129,41,2545,41_2545,7.27.23,0.045,9.990,-,,,,,,,,,,,,,,,
20211214,56,2545,56_2545,8.2.23,0.042,0.000,-,,,,,,,,,,,,,,,
20211011,-8,2546,-8_2546,6.30.22,0.044,1.140,-,,,,,,,,,,,,,,,
20211103,15,2546,15_2546,NA,,,,,,,,,,,,,,,,,,
20211129,41,2546,41_2546,7.27.23,0.044,3.995,-,,,,,,,,,,,,,,,
20211214,56,2546,56_2546,8.2.23,0.064,1.700,+,,,,,,,,,,,,,,,
20211011,-8,2547,-8_2547,6.30.22,0.044,0.000,-,,,,,,,,,,,,,,,
20211102,14,2547,14_2547,7.12.22,0.094,4.800,+,,,,,,,,,,,,,,,
20211129,41,2547,41_2547,7.27.23,0.062,6.680,+,,,,,,,,,,,,, , ,
20211214,56,2547,56_2547,8.2.23,0.052,0.548,-,,,,,,,,,,,,,,,
20211012,-7,2549,-7_2549,7.4.22,0.044,1.130,-,,,,,,,,,,,,,,,
20211102,14,2549,14_2549,7.12.22,0.045,2.380,-,,,,,,,,,,,,,,,
20211129,41,2549,41_2549,7.27.23,0.045,0.318,-,,,,,,,,,,,,,,,
20211214,56,2549,56_2549,8.2.23,0.051,3.300,-,,,,,,,,,,,,,,,
20211011,-8,2550,-8_2550,6.30.22,0.044,0.160,-,,,,,,,,,,,,,,,
20211103,15,2550,15_2550,9.9.22,0.044,0.161,-,,,,,,,,,,,,,,,
20211129,41,2550,41_2550,7.27.23,0.045,6.570,-,,,,,,,,,,,,, , ,
20211214,56,2550,56_2550,8.2.23,0.051,0.964,-,,,,,,,,,,,,,,,
20211012,-7,2553,-7_2553,7.4.22,0.044,4.830,-,,,,,,,,,,,,,,,
20211102,14,2553,14_2553,7.12.22,0.092,3.770,+,,,,,,,,,,,,,,,
20211129,41,2553,41_2553,10.27.23,0.051,1.900,-,,,,,,,,,,,,,,,
20211214,56,2553,56_2553,9.4.23,0.046,0.900,-,,,,,,,,,,,,,,,
20211012,-7,2554,-7_2554,7.4.22,0.047,2.870,-,,,,,,,,,,,,,,,
20211102,14,2554,14_2554,1.22.24,0.138,2.410,+,,,,,,,,,,,,,,,
20211129,41,2554,41_2554,7.27.23,0.093,3.045,+,,,,,,,,,,,,,,,
20211214,56,2554,56_2554,8.2.23,0.064,2.400,+,,,,,,,,,,,,,,,
20211012,-7,2555,-7_2555,7.4.22,0.053,13.270,-,,,,,,,,,,,,,,,
20211103,15,2555,15_2555,9.9.22,0.043,0.000,-,,,,,,,,,,,,,,,
20211129,41,2555,41_2555,10.27.23,0.046,0.600,-,,,,,,,,,,,,,,,
20211214,56,2555,56_2555,9.4.23,0.048,2.500,-,,,,,,,,,,,,,,,
20211012,-7,2556,-7_2556,7.4.22,0.044,0.320,-,,,,,,,,,,,,,,,
20211102,14,2556,14_2556,7.12.22,0.047,1.070,-,,,,,,,,,,,,,,,
20211129,41,2556,41_2556,10.27.23,0.041,2.400,-,,,,,,,,,,,,,,,
20211214,56,2556,56_2556,10.27.23,0.041,0.900,-,,,,,,,,,,,,,,,
20211012,-7,2558,-7_2558,7.11.22,0.045,1.890,-,,,,,,,,,,,,,,,
20211103,15,2558,15_2558,9.9.22,0.047,1.639,-,,,,,,,,,,,,,,,
20211129,41,2558,41_2558,7.27.23,0.047,4.699,-,,,,,,,,,,,,,,,
20211214,56,2558,56_2558,10.27.23,0.043,2.000,-,,,,,,,,,,,,,,,
20211012,-7,2559,-7_2559,7.11.22,0.044,2.230,-,,,,,,,,,,,,,,,
20211103,15,2559,15_2559,9.9.22,0.046,3.971,-,,,,,,,,,,,,,,,
20211129,41,2559,41_2559,8.2.23,0.047,3.749,-,,,,,,,,,,,,, , , 
20211214,56,2559,56_2559,8.2.23,0.141,3.700,+,,,,,,,,,,,,,,,
20211012,-7,2560,-7_2560,7.11.22,0.050,8.770,-,,,,,,,,,,,,,,,
20211102,14,2560,14_2560,7.12.22,0.096,0.960,+,,,,,,,,,,,,,,,
20211129,41,2560,41_2560,7.27.23,0.086,1.815,+,,,,,,,,,,,,, , , 
20211214,56,2560,56_2560,8.2.23,0.052,3.400,-,,,,,,,,,,,,,,,
20211012,-7,2561,-7_2561,7.11.22,0.044,3.190,-,,,,,,,,,,,,,,,
20211102,14,2561,14_2561,7.12.22,0.069,9.870,+,,,,,,,,,,,,,,,
20211129,41,2561,41_2561,7.27.23,0.057,2.612,-,,,,,,,,,,,,, , , 
20211214,56,2561,56_2561,9.4.23,0.054,4.100,-,,,,,,,,,,,,,,,
20211012,-7,2562,-7_2562,7.11.22,0.043,1.160,-,,,,,,,,,,,,,,,
20211103,15,2562,15_2562,9.9.22,0.053,3.307,-,,,,,,,,,,,,,,,
20211129,41,2562,41_2562,10.27.23,0.043,1.800,-,,,,,,,,,,,,,,,
20211214,56,2562,56_2562,8.2.23,0.046,3.689,-,,,,,,,,,,,,,,,
20211012,-7,2563,-7_2563,7.11.22,0.046,0.310,-,,,,,,,,,,,,,,,
20211103,15,2563,15_2563,NA,,,,,,,,,,,,,,,,,,
20211129,41,2563,41_2563,7.28.23,0.044,3.100,-,,,,,,,,,,,,, , , 
20211214,56,2563,56_2563,10.27.23,0.072,4.700,+,,,,,,,,,,,,,,,
20211012,-7,2564,-7_2564,7.11.22,0.044,0.650,-,,,,,,,,,,,,,,,
20211102,14,2564,14_2564,7.12.22,0.055,2.460,-,,,,,,,,,,,,,,,
20211129,41,2564,41_2564,7.27.23,0.052,2.858,-,,,,,,,,,,,,,,,
20211214,56,2564,56_2564,8.2.23,0.048,8.181,-,,,,,,,,,,,,,,,
20211011,-8,2565,-8_2565,6.30.22,0.043,0.490,-,,,,,,,,,,,,,,,
20211103,15,2565,15_2565,NA,,,,,,,,,,,,,,,,,,
20211129,41,2565,41_2565,7.27.23,0.046,6.527,-,,,,,,,,,,,,,,,
20211214,56,2565,56_2565,8.2.23,0.053,0.808,-,,,,,,,,,,,,,,,
20211011,-8,2566,-8_2566,6.30.22,0.043,2.160,-,,,,,,,,,,,,,,,
20211102,14,2566,14_2566,7.12.22,0.067,0.110,+,,,,,,,,,,,,,,,
20211129,41,2566,41_2566,10.27.23,0.057,3.600,-,,,,,,,,,,,,,,,
20211214,56,2566,56_2566,9.4.23,0.101,5.500,+,,,,,,,,,,,,,,,
20211011,-8,2567,-8_2567,6.30.22,0.046,0.470,-,,,,,,,,,,,,,,,
20211102,14,2567,14_2567,7.12.22,0.080,1.940,+,,,,,,,,,,,,,,,
20211129,41,2567,41_2567,7.27.23,0.045,0.941,-,,,,,,,,,,,,,,,
20211214,56,2567,56_2567,8.2.23,0.050,0.900,-,,,,,,,,,,,,,,,
20211012,-7,2569,-7_2569,7.11.22,0.047,6.160,-,,,,,,,,,,,,,,,
20211103,15,2569,15_2569,9.9.22,0.043,1.147,-,,,,,,,,,,,,,,,
20211129,41,2569,41_2569,7.27.23,0.045,1.419,-,,,,,,,,,,,,,,,
20211214,56,2569,56_2569,10.27.23,0.044,1.000,-,,,,,,,,,,,,,,,
20211129,41,NA,41_NA,7.28.23,0.049,2.200,-,,,,,,,,,,,,, , , 
,,,, ,,,,,,,,,,,,,,,,,,